<?xml version="1.0" encoding="UTF-8" ?>
<!DOCTYPE mapper
  PUBLIC "-//mybatis.org//DTD Mapper 3.0//EN"
  "http://mybatis.org/dtd/mybatis-3-mapper.dtd">
  
 <mapper namespace="com.story.mosaic.repo.AdminManagerDAO">

<!-- 관리자 등록 -->
    <insert id="insertAdmin" parameterType="com.story.mosaic.model.AdminManagerVO">
        INSERT INTO admin (
            admin_id,
            admin_name,
            admin_email,
            admin_password,
            admin_level,
            created_at
        ) VALUES (
            SEQ_ADMIN.NEXTVAL,
            #{admin_name},
            #{admin_email},
            #{admin_password},
            #{admin_level},
            SYSDATE
        )
    </insert> 
 <!-- 관리자 목록조회 -->
    <select id="getAdminList" resultType="com.story.mosaic.model.AdminManagerVO">
        SELECT
            admin_id,
            admin_name,
            admin_email,
            admin_password,
            admin_level,
            created_at
        FROM admin
        ORDER BY admin_id DESC
    </select>
<!-- 관리자 삭제 -->
	<delete id="deleteAdmin" parameterType="int">
		DELETE FROM admin
		WHERE admin_id = #{admin_id}
	</delete>    
<!-- 공지사항 등록수 조회 -->	
	<select id="countNoticesByAdmin" resultType="int" parameterType="int">
	    SELECT COUNT(*) FROM notice WHERE admin_id = #{admin_id}
	</select>
</mapper>