<?xml version="1.0" encoding="UTF-8" ?>
<!DOCTYPE mapper
  PUBLIC "-//mybatis.org//DTD Mapper 3.0//EN"
  "http://mybatis.org/dtd/mybatis-3-mapper.dtd">
  
<mapper namespace="com.story.mosaic.repo.AdminUserDAO" >
<!-- 회원 목록 조회 -->
<select id="getUserList" resultType="com.story.mosaic.model.AdminUserVO">
    SELECT
      user_id,
      name,
      nickname,
      email,
      password,
      nationality,
      city,
      sns_id,
      user_img,
      TO_CHAR(join_date, 'YYYY.MM.DD') AS join_date,
      status
    FROM user_tab
    ORDER BY join_date DESC	
</select>
<!-- 회원 상태 업데이트 -->
<update id="updateStatus" parameterType="com.story.mosaic.model.AdminUserVO">
	UPDATE user_tab
	SET status = #{status}
	WHERE user_id = #{user_id}
</update>
<!-- 유저의 스토리 게시글을 '비공개'로 처리 -->
<update id="hideUserStoryPosts" parameterType="String">
  UPDATE board_story
  SET status = '비공개'
  WHERE user_id = #{user_id}
</update>

<!-- 유저의 모임글을 '비공개'로 처리 -->
<update id="hideUserGroupPosts" parameterType="String">
  UPDATE group_tab
  SET status = '비공개'
  WHERE user_id = #{user_id}
</update>

<!-- 스토리 게시물 공개 처리 -->
<update id="showUserStoryPosts" parameterType="string">
    UPDATE board_story
    SET status = '공개'
    WHERE user_id = #{user_id}
</update>

<!-- 모임 게시물 공개 처리 -->
<update id="showUserGroupPosts" parameterType="string">
    UPDATE group_tab
    SET status = '공개'
    WHERE user_id = #{user_id}
</update>
<!-- 국가별 회원수 통계차트 -->
<select id="getNationalityChart" resultType="map">
  SELECT
    nationality,
    COUNT(*) AS count
  FROM user_tab
  GROUP BY nationality
</select>

<!-- 전체 회원 수 -->
<select id="getTotalUserCount" resultType="int">
  SELECT COUNT(*) FROM user_tab
</select>

<!-- 최근 가입자 수 -->
<select id="getRecentUserCount" resultType="int">
  SELECT COUNT(*)
  FROM user_tab
  WHERE TO_CHAR(join_date, 'YYYY-MM') = TO_CHAR(SYSDATE, 'YYYY-MM')
</select>

<!-- 정지된 회원 수 -->
<select id="getSuspendedUserCount" resultType="int">
  SELECT COUNT(*)
  FROM user_tab
  WHERE status = '정지'
</select>


</mapper>