<?xml version="1.0" encoding="UTF-8" ?>
<!DOCTYPE mapper
  PUBLIC "-//mybatis.org//DTD Mapper 3.0//EN"
  "http://mybatis.org/dtd/mybatis-3-mapper.dtd">

<mapper namespace="com.story.mosaic.repo.AdminPostDAO">

  <!-- 스토리,모임 게시물 리스트 -->
<select id="getPostsByType" resultType="com.story.mosaic.model.AdminPostVO">
  <choose>
    <when test="type == 'story'">
      SELECT 
        post_id AS postId,
        title,
        user_id AS userId,
        TO_CHAR(write_date, 'YYYY-MM-DD') AS writeDate,
        views,
        status,
        'story' AS type
      FROM board_story
    </when>
	<when test="type == 'group'">
	  SELECT 
	    group_id AS postId,
	    group_title AS title,
	    user_id AS userId,  
	    TO_CHAR(group_date, 'YYYY-MM-DD') AS writeDate,  
	    0 AS views,
	    status,
	    'group' AS type
	  FROM group_tab
	</when>

  </choose>
</select>

<!-- 게시물 삭제 처리 story, group 통합 -->
<delete id="deletePost" parameterType="map">
  <choose>
    <when test="type == 'story'">
      DELETE FROM board_story WHERE post_id = #{postId}
    </when>
    <when test="type == 'group'">
      DELETE FROM group_tab WHERE group_id = #{postId}
    </when>
  </choose>
</delete>

<!-- 그룹 part 삭제 -->
<delete id="deleteGroupPart" parameterType="int">
  DELETE FROM group_part
  WHERE group_id = #{groupId}
</delete>

<!-- 그룹 tab 삭제 -->
<delete id="deleteGroup" parameterType="int">
  DELETE FROM group_tab
  WHERE group_id = #{groupId}
</delete>

<!-- 게시물 상태 변경 -->
<update id="updateStatus" parameterType="map">
    <choose>
      <when test="type == 'story'">
        UPDATE board_story
        SET status = #{status}
        WHERE post_id = #{postId}
      </when>
      <when test="type == 'group'">
        UPDATE group_tab
        SET status = #{status}
        WHERE group_id = #{postId}
      </when>
    </choose>
</update>

<!-- 전체 게시물 수 (type에 따라 분기) -->
<select id="getPostCount" parameterType="string" resultType="int">
  <choose>
    <when test='_parameter == "story"'>
      SELECT COUNT(*) FROM board_story
    </when>
    <when test='_parameter == "group"'>
      SELECT COUNT(*) FROM group_tab
    </when>
  </choose>
</select>

<!-- 스토리마당 게시물 수 조회 -->
<select id="getStoryPostCount" resultType="int">
	SELECT COUNT (*)
	FROM board_story
</select>
<!-- 모임 게시물 수 조회 -->
<select id="getGroupPostCount" resultType="int">
	SELECT COUNT (*)
	FROM group_tab
</select>

</mapper>
