<?xml version="1.0" encoding="UTF-8"?>
<!DOCTYPE mapper PUBLIC "-//mybatis.org//DTD Mapper 3.0//EN"
"http://mybatis.org/dtd/mybatis-3-mapper.dtd">
<mapper namespace="com.story.mosaic.repo.CommentDAO">

    <insert id="insertComment" parameterType="com.story.mosaic.model.CommentVO">
        <selectKey keyProperty="comment_id" resultType="int" order="BEFORE">
            SELECT seq_board_comment.NEXTVAL FROM dual
        </selectKey>
        INSERT INTO board_comment (
            comment_id, post_id, user_id, content, created_at
        ) VALUES (
            #{comment_id}, #{post_id}, #{user_id}, #{content}, SYSDATE
        )
    </insert>

    <select id="getCommentsByPostId" parameterType="int" resultType="com.story.mosaic.model.CommentVO">
        SELECT 
        	* 
        FROM board_comment
        WHERE post_id = #{post_id}
        ORDER BY created_at ASC
    </select>
    
    <select id="getCommentList" parameterType="int" resultType="com.story.mosaic.model.CommentVO">
	    SELECT 
		    C.*
		    , U.nickname 
	    FROM board_comment C
	    JOIN user_tab U ON C.user_id = U.user_id
	    WHERE C.post_id = #{post_id}
	    ORDER BY C.created_at ASC
	</select>	
	
	<select id="getCommentsByPostIdPaged" parameterType="map" resultType="com.story.mosaic.model.CommentVO">
	    SELECT * FROM (
	        SELECT ROWNUM rnum, A.* FROM (
	            SELECT c.comment_id, c.post_id, c.user_id, u.nickname, c.content, c.created_at,  u.user_img 
	            FROM board_comment c
	            JOIN user_tab u ON c.user_id = u.user_id
	            WHERE c.post_id = #{postId}
	            ORDER BY c.created_at DESC
	        ) A 
	        <![CDATA[
	        WHERE ROWNUM <= #{offset} + #{limit}
	        ]]>
	    )
	     <![CDATA[
	    WHERE rnum > #{offset}
	     ]]>
	</select>
	
	<!-- 
	<select id="getCommentsByPostIdPaged" resultType="com.story.mosaic.model.CommentVO">
	    SELECT c.*, u.nickname
	    FROM board_comment c
	    JOIN user_tab u ON c.user_id = u.user_id
	    WHERE c.post_id = #{postId}
	    ORDER BY c.created_at DESC
	    OFFSET #{offset} ROWS FETCH NEXT #{limit} ROWS ONLY
	</select>
	 -->
	 
	 <delete id="deleteCommentsByPostId" parameterType="int">
	    DELETE FROM board_comment
	    WHERE post_id = #{post_id}
	</delete>
	
	<select id="countCommentsByPostId" parameterType="int" resultType="int">
	    SELECT COUNT(*)
	    FROM board_comment
	    WHERE post_id = #{post_id}
	</select>
	 
	 <update id="updateComment" parameterType="com.story.mosaic.model.CommentVO">
	    UPDATE board_comment
	    SET content = #{content}
	    WHERE comment_id = #{comment_id}
	</update>
	
	<delete id="deleteComment" parameterType="com.story.mosaic.model.CommentVO">
	    DELETE FROM board_comment
	    WHERE comment_id = #{comment_id}
	</delete>
	    
</mapper>
