<?xml version="1.0" encoding="UTF-8"?>
<!DOCTYPE mapper PUBLIC "-//mybatis.org//DTD Mapper 3.0//EN"
"http://mybatis.org/dtd/mybatis-3-mapper.dtd">
<mapper namespace="com.story.mosaic.repo.GroupDAO">

	<select id="getGroupList"
		resultType="com.story.mosaic.model.GroupVO">
		SELECT group_id, group_title, group_date,
		group_content, user_id, group_image, group_isize, group_irealname

		FROM group_tab
		<where>
		<!-- status 추가 -->
			<if test="status != null">
			status = #{status}
			</if>
			<if test="searchCondition != null">
				${searchCondition} LIKE '%${searchKeyword}%'
			</if>
		</where>
		ORDER BY group_id DESC
	</select>

	<select id="getGroup"
		parameterType="com.story.mosaic.model.GroupVO"
		resultType="com.story.mosaic.model.GroupVO">
		<![CDATA[
		SELECT gt.group_id, gt.group_title, gt.group_date,
		gt.group_content, gt.user_id, gt.group_image, gt.group_isize, gt.group_irealname, U.nickname
		FROM group_tab gt
		JOIN user_tab U ON gt.user_id = U.user_id
		WHERE gt.group_id = #{group_id}
		]]>
	</select>

<!-- 	<select id="getGroupByTag" resultType="com.story.mosaic.model.GroupVO">
		SELECT g.group_title
		FROM groups g
		JOIN group_tag gt ON g.group_id = gt.group_id
		WHERE gt.tag_id = #{gt.tag_id};
	</select>-->
	
	<insert id='insertGroup' parameterType="com.story.mosaic.model.GroupVO">
		<selectKey keyProperty="group_id" resultType="Integer"
			order="BEFORE">
			SELECT seq_group_id.NEXTVAL FROM dual
		</selectKey>
		INSERT INTO group_tab(group_id, group_title, group_date,
		group_content, user_id
		<if test="group_image != null">
			, group_image, group_isize, group_irealname
		</if>
		)
		VALUES(
		#{group_id}, #{group_title}, #{group_date}, #{group_content},
		#{user_id}
		<if test="group_image != null">
			, #{group_image}, #{group_isize},
			#{group_irealname}
		</if>
		)
	</insert>

	<update id="updateGroup"
		parameterType="com.story.mosaic.model.GroupVO">
		UPDATE group_tab SET
		group_title = #{group_title},
		group_content =
		#{group_content},
		group_date = #{group_date}
		<if test="group_image != null">
			, group_image = #{group_image}, group_isize = #{group_isize}
			, group_irealname = #{group_irealname}
		</if>

		WHERE group_id = #{group_id}
	</update>


	<delete id='deleteGroup'
		parameterType="com.story.mosaic.model.GroupVO">

		DELETE FROM group_tab
		WHERE group_id = #{group_id}

	</delete>
	<!-- 여기까지가 GroupVO 관련 -->


	<select id="getGroupPartList"
		resultType="com.story.mosaic.model.GroupPartVO">
		<![CDATA[
		SELECT
		GP.*
		, U.nickname
		FROM
		group_part GP
		JOIN
		user_tab U ON GP.user_id = U.user_id
		WHERE GP.group_id = #{group_id}
		ORDER BY GP.part_id ASC
		]]>
	</select>

	<select id="getGroupPart"
		parameterType="com.story.mosaic.model.GroupPartVO"
		resultType="com.story.mosaic.model.GroupPartVO">
		SELECT part_id, user_id, group_id, part_status
		FROM group_part
    	WHERE user_id = #{user_id}
     	AND group_id = #{group_id}
	</select>
	<!-- <select id="getCountGroup" parameterType="com.story.mosaic.model.GroupPartVO" 
		resultType="int"> SELECT COUNT(*) FROM group_part WHERE group_id = #{group_id} 
		</select> -->
	<insert id='insertGroupPart'
		parameterType="com.story.mosaic.model.GroupPartVO">
		INSERT INTO group_part(part_id, user_id, group_id,
		part_status)
		VALUES(seq_part_id.nextval, #{user_id}, #{group_id},
		#{part_status})
	</insert>
	
	<!-- <delete id='deleteGroupPart' parameterType="com.story.mosaic.model.GroupPartVO"> 
		DELETE FROM group_part WHERE part_id = #{part_id} </delete> -->
		
	<delete id='deleteGroupPart'
		parameterType="com.story.mosaic.model.GroupPartVO">
		DELETE FROM group_part
		WHERE part_id = #{part_id}
	</delete>

	<delete id="leaveGroupPart"
		parameterType="com.story.mosaic.model.GroupPartVO">
		DELETE FROM group_part
		WHERE user_id = #{user_id} AND group_id = #{group_id} AND part_status != 'host'
	</delete>

<!-- 여기까지가 참가/탈퇴 관련 -->

	<select id="getGroupGreetingList" resultType="com.story.mosaic.model.GroupGreetingVO">
		SELECT
		    gg.greeting_id,
		    gg.user_id,
		    ut.nickname,
		    gg.group_id,
		    gg.greeting_date,
		    gg.greeting_content
		FROM
		    group_greeting gg
		JOIN
		    user_tab ut ON gg.user_id = ut.user_id
		WHERE gg.group_id = #{group_id}
		ORDER BY greeting_id DESC
	</select>
	
	<select id="getGroupGreeting"
		resultType="com.story.mosaic.model.GroupGreetingVO">
			<![CDATA[
		    SELECT
		        gg.greeting_id,
		        gt.user_id,
		        ut.nickname,
		        gg.group_id,
		        gg.greeting_date,
		        gg.greeting_content
		    FROM
		        group_greeting gg
		    JOIN
		        user_tab ut ON gg.user_id = ut.user_id
		    JOIN
		        group_tab gt ON gg.user_id = gt.user_id
		    WHERE
		        gg.group_id = #{group_id}
			]]>
	</select>
	
	<insert id="insertGroupGreeting"
		parameterType="com.story.mosaic.model.GroupGreetingVO">
		INSERT INTO group_greeting(greeting_id, group_id, user_id, greeting_date,
		greeting_content
		)
		VALUES(
		seq_greeting_id.nextval, #{group_id}, #{user_id}, SYSDATE, #{greeting_content}
		)
	</insert>
	
	<delete id="deleteGroupGreeting" parameterType="com.story.mosaic.model.GroupGreetingVO">
		DELETE FROM group_greeting
		WHERE greeting_id = #{greeting_id}
	</delete>
	
<!-- 	<update id="updateGroupGreeting" parameterType="com.story.mosaic.model.GroupGreetingVO">
		UPDATE group_greeting SET
		greeting_content = #{greeting_content},
		WHERE greeting_id = #{greeting_id}
	</update>
 -->	
</mapper>