<?xml version="1.0" encoding="UTF-8"?>
<!DOCTYPE mapper PUBLIC "-//mybatis.org//DTD Mapper 3.0//EN"
"http://mybatis.org/dtd/mybatis-3-mapper.dtd">
<mapper namespace="com.story.mosaic.repo.LocationDAO">	
	<insert id="insertLocation" parameterType="com.story.mosaic.model.LocationVO">		    
		INSERT INTO story_location(
			location_id			
			, place_name
			, latitude
			, longitude
			, address
			, post_id 
		)
		VALUES (
			story_location_seq.NEXTVAL			
			, #{place_name, jdbcType=VARCHAR}
			, #{latitude, 	jdbcType=DOUBLE}
			, #{longitude, 	jdbcType=DOUBLE}
			, #{address, 	jdbcType=VARCHAR}
			, #{post_id, 	jdbcType=INTEGER} 
		)
	</insert>		
	
	<select id="selectLocation" parameterType="int" resultType="com.story.mosaic.model.LocationVO">
        SELECT * FROM story_location WHERE post_id = #{post_id}
    </select>

    <update id="updateLocation" parameterType="com.story.mosaic.model.LocationVO">
        UPDATE story_location
        SET latitude = #{latitude},
            longitude = #{longitude},
            place_name = #{place_name},
            address = #{address}
        WHERE post_id = #{post_id}
    </update>

    <delete id="deleteLocation" parameterType="int">
        DELETE FROM story_location WHERE post_id = #{post_id}
    </delete>
    
    <delete id="deleteByPostId" parameterType="int">
        DELETE FROM story_location WHERE post_id = #{post_id}
    </delete>
</mapper>

