<?xml version="1.0" encoding="UTF-8"?>
<!DOCTYPE mapper PUBLIC "-//mybatis.org//DTD Mapper 3.0//EN" "http://mybatis.org/dtd/mybatis-3-mapper.dtd">

<mapper namespace="com.story.mosaic.repo.MemberDAO">
    
<!--     로그인용 회원 조회
	<select id="getMember" parameterType="com.story.mosaic.model.MemberVO" resultType="com.story.mosaic.model.MemberVO">
	    SELECT *
	    FROM user_tab
	    WHERE email = #{email}
	    AND password = #{password}
	</select>
-->
 
    
    <!-- 회원가입 -->
    <insert id="insertMember" parameterType="com.story.mosaic.model.MemberVO">
        INSERT INTO user_tab (
            user_id, email, password, nickname, name, nationality, city
            , join_date, sns_id, user_img, language, status
        ) VALUES (
            'USER' || LPAD(seq_user_id.NEXTVAL, 6, '0'), #{email}, #{password}, #{nickname}, #{name}, #{nationality}, #{city, jdbcType=VARCHAR}
            , SYSDATE, #{sns_id, jdbcType=VARCHAR}, #{user_img, jdbcType=VARCHAR}, #{language}, #{status}
        )
    </insert>
    
    
    <!-- 이메일로 회원 조회 -->
    <select id="findByEmail" parameterType="string" resultType="com.story.mosaic.model.MemberVO">
        SELECT *
        FROM user_tab
        WHERE email = #{email}
    </select>
    
    <!-- 이메일 중복체크 -->
     <select id="emailCheck" parameterType="String" resultType="int">
        SELECT COUNT(*)
        FROM user_tab
        WHERE email = #{email}
    </select> 
    
    <!-- 닉네임 중복체크 -->
    <select id="nicknameCheck" parameterType="String" resultType="int">
        SELECT COUNT(*)
        FROM user_tab
        WHERE nickname = #{nickname}
    </select>
    
    
    
    <!-- 비밀번호 업데이트 -->
    <update id="updatePassword" parameterType="map">
        UPDATE user_tab 
        SET password = #{password}
        WHERE email = #{email}
    </update>
    
    <!-- user_id로 회원 조회 (자동 로그인용) -->
	<select id="findByUserId" parameterType="string" resultType="com.story.mosaic.model.MemberVO">
	    SELECT *
	    FROM user_tab
	    WHERE user_id = #{userId}
	    AND ROWNUM = 1
	</select>
    
    
</mapper>