<?xml version="1.0" encoding="UTF-8"?>
<!DOCTYPE mapper
  PUBLIC "-//mybatis.org//DTD Mapper 3.0//EN"
  "http://mybatis.org/dtd/mybatis-3-mapper.dtd">

<mapper namespace="com.story.mosaic.repo.NoticeDAO">

<!-- 공지사항 목록 조회 -->
<select id="getNoticeList" resultType="com.story.mosaic.model.NoticeVO">
	SELECT
		 notice_id, admin_id, title, content, notice_type, to_char(created_at, 'YYYY-MM-DD') AS created_at, views
    FROM notice
    ORDER BY notice_id 
</select>

<!-- 공지사항 등록 -->
<!-- 파라미터타입은 어떤값을 전달받을지 -->
<insert id="insertNotice" parameterType="com.story.mosaic.model.NoticeVO">
  INSERT INTO notice (
    notice_id, admin_id, title, content, notice_type, created_at, views
  ) VALUES (
    notice_seq.NEXTVAL,
    #{admin_id, jdbcType=INTEGER},
    #{title, jdbcType=VARCHAR},
    #{content, jdbcType=VARCHAR},
    #{notice_type, jdbcType=VARCHAR},
    SYSDATE,
    0
  )
</insert>



<!-- 공지사항 상세조회 -->
<select id="getNoticeById" parameterType="int" resultType="com.story.mosaic.model.NoticeVO">
	SELECT 
		n.notice_id, 
		n.admin_id, 
		a.admin_name, 
		n.title, 
		n.content, 
		TO_CHAR(n.created_at, 'YYYY-MM-DD') AS created_at, 
		n.views,
		n.notice_type
	FROM notice n
	JOIN admin a ON n.admin_id = a.admin_id
	WHERE n.notice_id = #{notice_id}
</select>


<!-- 공지사항 수정 -->
<update id="updateNotice" parameterType="com.story.mosaic.model.NoticeVO">
	UPDATE notice
	SET
		title = #{title}, content = #{content}, created_at = SYSDATE
	WHERE
		notice_id = #{notice_id}	
</update>

<!-- 공지사항 삭제 -->
<delete id="deleteNotice" parameterType="int">
	DELETE FROM notice 
	WHERE notice_id = #{notice_id}
</delete>
<!-- 조회수 증가-->
<update id="increaseViews" parameterType="int">
	UPDATE notice
	SET views = views + 1
	WHERE notice_id = #{notice_id}
</update>

<!-- 최신공지사항 4개 조회 -->
<select id="getRecentNotices" resultType="com.story.mosaic.model.NoticeVO">
  <![CDATA[
    SELECT * FROM (
      SELECT notice_id, title, notice_type, TO_CHAR(created_at, 'YYYY-MM-DD') AS created_at
      FROM notice
      ORDER BY notice_id DESC
    )
    WHERE ROWNUM <= 4
  ]]>
</select>

<select id="searchNotices" parameterType="map" resultType="com.story.mosaic.model.NoticeVO">
  SELECT 
    notice_id, admin_id, title, content, notice_type, 
    TO_CHAR(created_at, 'YYYY-MM-DD') AS created_at, views
  FROM notice
  <where>
    <if test="keyword != null and keyword != ''">
      title LIKE '%' || #{keyword} || '%'
    </if>
    <if test="notice_type != null and notice_type != '' and notice_type != 'ALL'">
      AND notice_type = #{notice_type}
    </if>
  </where>
  ORDER BY notice_id DESC
</select>




</mapper>