<?xml version="1.0" encoding="UTF-8"?>
<!DOCTYPE mapper PUBLIC "-//mybatis.org//DTD Mapper 3.0//EN"
"http://mybatis.org/dtd/mybatis-3-mapper.dtd">
<mapper namespace="com.story.mosaic.repo.ScheduleDAO">	
	<insert id="insertSchedule" parameterType="com.story.mosaic.model.ScheduleVO">
		<selectKey keyProperty="schedule_id" resultType="int" order="BEFORE">
            SELECT seq_story_schedule.NEXTVAL FROM dual
        </selectKey>		    
		INSERT INTO story_schedule(
			schedule_id
			, schedule_title
			, start_datetime 
			, end_datetime 
			, memo 
			, post_id 
		)
		VALUES (
			#{schedule_id, 				jdbcType=INTEGER},
			#{schedule_title, 			jdbcType=VARCHAR},
	        #{start_datetime_timestamp, jdbcType=TIMESTAMP},
	        #{end_datetime_timestamp, 	jdbcType=TIMESTAMP},
	        #{memo, 					jdbcType=VARCHAR},
	        #{post_id, 					jdbcType=INTEGER}
		)
	</insert>		
	
	<select id="selectSchedule" parameterType="com.story.mosaic.model.ScheduleVO" resultType="com.story.mosaic.model.ScheduleVO">
        SELECT * FROM story_schedule WHERE post_id = #{post_id}
    </select>

    <update id="updateSchedule" parameterType="com.story.mosaic.model.ScheduleVO">
        UPDATE story_schedule
        SET schedule_title = #{schedule_title},
            start_datetime = #{start_datetime_timestamp},
            end_datetime = #{end_datetime_timestamp},
            memo = #{memo}
        WHERE post_id = #{post_id}
    </update>

    <delete id="deleteSchedule" parameterType="com.story.mosaic.model.ScheduleVO">
        DELETE FROM story_schedule WHERE post_id = #{post_id}
    </delete>
    
    <delete id="deleteByPostId" parameterType="int">
        DELETE FROM story_schedule WHERE post_id = #{post_id}
    </delete>
</mapper>
<!-- java 변수 타입  DATE, LocalDateTime, Timestamp 모두 TIMESTAMP로 가능 -->