<?xml version="1.0" encoding="UTF-8" ?>
<!DOCTYPE mapper
  PUBLIC "-//mybatis.org//DTD Mapper 3.0//EN"
  "http://mybatis.org/dtd/mybatis-3-mapper.dtd">

<mapper namespace="com.story.mosaic.repo.SnsDAO">

  <!-- SNS 연동 정보 저장 -->
  <insert id="insert" parameterType="com.story.mosaic.model.SnsVO">
    INSERT INTO sns_link (sns_id, user_id, sns_platform)
    VALUES (#{sns_id}, #{user_id}, #{sns_platform})
  </insert>

  <!-- SNS ID + 플랫폼으로 정보 조회 -->
  <select id="get" resultType="com.story.mosaic.model.SnsVO" parameterType="com.story.mosaic.model.SnsVO">
    SELECT sns_id, user_id, sns_platform
    FROM sns_link
    WHERE sns_id = #{sns_id} AND sns_platform = #{sns_platform}
  </select>

  <!-- 회원 ID로 SNS 연동 단건 조회 -->
  <select id="getByUserId" parameterType="string" resultType="com.story.mosaic.model.SnsVO">
    SELECT sns_id, user_id, sns_platform
    FROM sns_link
    WHERE user_id = #{user_id}
    AND ROWNUM = 1  <!-- Oracle DB용 단건 조회 -->
  </select>

  <!-- SNS 연동 삭제 -->
	<delete id="delete" parameterType="com.story.mosaic.model.SnsVO">
	  DELETE FROM sns_link
	  WHERE user_id = #{user_id} AND sns_platform = #{sns_platform}
	</delete> 

    <select id="findBySnsIdAndPlatform" parameterType="com.story.mosaic.model.SnsVO" resultType="com.story.mosaic.model.SnsVO">
        SELECT *
        FROM sns_link
        WHERE sns_id = #{sns_id}
          AND sns_platform = #{sns_platform}
    </select>


</mapper>
