<?xml version="1.0" encoding="UTF-8"?>
<!DOCTYPE mapper PUBLIC "-//mybatis.org//DTD Mapper 3.0//EN"
"http://mybatis.org/dtd/mybatis-3-mapper.dtd">
<mapper namespace="com.story.mosaic.repo.StoryDAO">
	<select id="selectStory" parameterType="Integer" resultType="com.story.mosaic.model.StoryVO">
		SELECT 
			S.*
			, U.NICKNAME
		FROM 
			BOARD_STORY S
		LEFT OUTER JOIN 
			USER_TAB U ON S.USER_ID = U.USER_ID
		WHERE 
			S.POST_ID = #{post_id}
	</select>

	<!-- 통합 등록용 (기존 호환성) -->
	<insert id="insertStory" parameterType="com.story.mosaic.model.StoryVO">
		<selectKey keyProperty="post_id" resultType="Integer" order="BEFORE"> 
	        SELECT seq_board_story.NEXTVAL FROM dual
	    </selectKey>
		INSERT INTO BOARD_STORY(
			POST_ID 
			, TITLE 
			, CATEGORY 
			, USER_ID 
			, CONTENT 
			, SUMMARY 
			, THUMB_URL 
			, CONTENT_TRANSLATED 
			, LANGUAGE 
			, LANGUAGE_TARGET 
			, TAGS 
			, WRITE_DATE 
			, VIEWS 
		)
		VALUES(
			#{post_id}
			, #{title, jdbcType=VARCHAR} 
			, #{category, jdbcType=VARCHAR}  
			, #{user_id, jdbcType=VARCHAR} 
			, #{content, jdbcType=CLOB}
			, #{summary, jdbcType=VARCHAR}
			, #{thumb_url, jdbcType=VARCHAR}
			, #{content_translated, jdbcType=CLOB}
			, #{language, jdbcType=VARCHAR} 
			, #{language_target, jdbcType=VARCHAR} 
			, #{tags, jdbcType=VARCHAR}
			, SYSDATE 
			, 0
		)		
	</insert>
	
	<!-- 게시글 수정 -->
	<update id="updateStory" parameterType="com.story.mosaic.model.StoryVO">
	    UPDATE board_story
	    SET title = #{title},
	        content = #{content},
	        tags = #{tags},
	        summary = #{summary},
	        content_translated = #{content_translated},
	        thumb_url = #{thumb_url}
	    WHERE post_id = #{post_id}
	</update>
	
	<delete id="deleteStory" parameterType="com.story.mosaic.model.StoryVO">
		DELETE FROM BOARD_STORY
		WHERE POST_ID = #{post_id}
	</delete>
	
	
	
	<update id="increaseViewCount" parameterType="storyVO">
	    UPDATE BOARD_STORY
	    SET VIEWS = VIEWS + 1
	    WHERE POST_ID = #{post_id}
	</update>


	<select id="getCategoryList" resultType="string">
		SELECT DISTINCT category
		FROM board_story
		WHERE category IS NOT NULL
		ORDER BY category
	</select>
	
	<select id="getStoriesByCategories" parameterType="list" resultType="com.story.mosaic.model.StoryVO">
		SELECT 
			S.*, U.NICKNAME
		FROM 
			BOARD_STORY S
		LEFT OUTER JOIN 
			USER_TAB U ON S.USER_ID = U.USER_ID
		<where>
			<if test="list != null and list.size() > 0">
				AND S.CATEGORY IN
				<foreach collection="list" item="category" open="(" separator="," close=")">
					#{category}
				</foreach>
			</if>
		</where>
		ORDER BY S.WRITE_DATE DESC
	</select>
	
	<select id="getStoryList" parameterType="hashmap" resultType="com.story.mosaic.model.StoryVO">
		SELECT 
			S.*, U.NICKNAME
		FROM 
			BOARD_STORY S
		LEFT OUTER JOIN 
			USER_TAB U ON S.USER_ID = U.USER_ID
		<where>
			<if test="searchCondition != null and searchKeyword != null">
				<choose>
					<when test="searchCondition == 'title'">
						S.TITLE LIKE '%' || #{searchKeyword} || '%'
					</when>
					<when test="searchCondition == 'content'">
						S.CONTENT LIKE '%' || #{searchKeyword} || '%'
					</when>
					<when test="searchCondition == 'tags'">
						S.TAGS LIKE '%' || #{searchKeyword} || '%'
					</when>
					<when test="searchCondition == 'user_id'">
						S.USER_ID LIKE '%' || #{searchKeyword} || '%'
					</when>
				</choose>
			</if>
		</where>
		ORDER BY S.POST_ID DESC
	</select>
	
	<select id="getStoryCount" parameterType="map" resultType="int">
	    SELECT COUNT(*) FROM board_story
	    <where>
	        <if test="searchCondition != null and searchKeyword != null">
	            <choose>
	                <when test="searchCondition == 'title'">
	                    AND title LIKE '%' || #{searchKeyword} || '%'
	                </when>
	                <when test="searchCondition == 'content'">
	                    AND content LIKE '%' || #{searchKeyword} || '%'
	                </when>
	                <when test="searchCondition == 'tags'">
	                    AND content LIKE '%' || #{searchKeyword} || '%'
	                </when>
	                <when test="searchCondition == 'user_id'">
	                    AND content LIKE '%' || #{searchKeyword} || '%'
	                </when>
	            </choose>
	        </if>
	    </where>
	</select>
	
	<select id="getPagedStoryList" parameterType="map" resultType="com.story.mosaic.model.StoryVO">
		SELECT * FROM (
			SELECT 
				A.*, ROWNUM AS rnum
			FROM (
				SELECT 
					S.*, U.NICKNAME
				FROM 
					BOARD_STORY S
				LEFT OUTER JOIN 
					USER_TAB U ON S.USER_ID = U.USER_ID
				<where>
					<if test="searchCondition != null and searchKeyword != null">
						<choose>
							<when test="searchCondition == 'title'">
								S.TITLE LIKE '%' || #{searchKeyword} || '%'
							</when>
							<when test="searchCondition == 'content'">
								S.CONTENT LIKE '%' || #{searchKeyword} || '%'
							</when>
							<when test="searchCondition == 'tags'">
								S.TAGS LIKE '%' || #{searchKeyword} || '%'
							</when>
							<when test="searchCondition == 'user_id'">
								S.USER_ID LIKE '%' || #{searchKeyword} || '%'
							</when>
						</choose>
					</if>
				</where>
				ORDER BY S.WRITE_DATE DESC
			) A
			WHERE ROWNUM &lt;= #{endRow}
		)
		WHERE rnum &gt;= #{startRow}
	</select>

</mapper>