<?xml version="1.0" encoding="UTF-8"?>
<!DOCTYPE mapper
  PUBLIC "-//mybatis.org//DTD Mapper 3.0//EN"
  "http://mybatis.org/dtd/mybatis-3-mapper.dtd">

<mapper namespace="com.story.mosaic.repo.VisitorLogDAO">

	<!-- 방문자 로그 insert -->
	<insert id="insertVisitorLog"
		parameterType="com.story.mosaic.model.VisitorLogVO">
		INSERT INTO visitor_log (
		visit_id, user_ip, page, user_agent,
		session_id)
		VALUES (
		visitor_log_seq.nextval, #{user_ip}, #{page}, #{user_agent}, #{session_id}
		)
	</insert>

	<!-- 월별 방문자 수 통계 -->
	<select id="getMonthlyVisitorStats" resultType="map">
		SELECT
		TO_CHAR(visit_date, 'MM') AS visit_month,
		COUNT(*) AS visit_count
		FROM visitor_log
		WHERE page NOT LIKE '/mosaic/admin%'
		GROUP BY TO_CHAR(visit_date, 'MM')
		ORDER BY visit_month
	</select>

	<!-- 주별 -->
	<select id="getWeeklyVisitorStats" resultType="map">
		SELECT
		TO_CHAR(visit_date, 'YYYY') AS VISIT_YEAR,
		TO_CHAR(visit_date, 'IW') AS WEEK_NO,
		COUNT(*) AS VISIT_COUNT
		FROM visitor_log
		WHERE page NOT LIKE '/mosaic/admin%'
		GROUP BY TO_CHAR(visit_date, 'YYYY'), TO_CHAR(visit_date, 'IW')
		ORDER BY VISIT_YEAR, WEEK_NO
	</select>


	<!-- 연도별 -->
	<select id="getYearlyVisitorStats" resultType="map">
		SELECT TO_CHAR(visit_date, 'YYYY') AS VISIT_YEAR, COUNT(*) AS VISIT_COUNT
		FROM visitor_log
		WHERE page NOT LIKE '/mosaic/admin%'
		GROUP BY TO_CHAR(visit_date, 'YYYY')
		ORDER BY VISIT_YEAR
	</select>

	<!-- 월 기준 주차별 방문자 수 통계 -->
	<select id="getVisitorStatsByWeek" parameterType="string"
		resultType="com.story.mosaic.model.VisitorLogVO">

		SELECT
		CASE
		WHEN TO_CHAR(visit_date, 'DD') BETWEEN '01' AND '07' THEN '1주차'
		WHEN TO_CHAR(visit_date, 'DD') BETWEEN '08' AND '14' THEN '2주차'
		WHEN TO_CHAR(visit_date, 'DD') BETWEEN '15' AND '21' THEN '3주차'
		ELSE '4주차'
		END AS week_label,
		COUNT(*) AS visit_count
		FROM visitor_log
		WHERE TO_CHAR(visit_date, 'YYYY-MM') = #{month}
		AND page NOT LIKE '/mosaic/admin%'
		GROUP BY
		CASE
		WHEN TO_CHAR(visit_date, 'DD') BETWEEN '01' AND '07' THEN '1주차'
		WHEN TO_CHAR(visit_date, 'DD') BETWEEN '08' AND '14' THEN '2주차'
		WHEN TO_CHAR(visit_date, 'DD') BETWEEN '15' AND '21' THEN '3주차'
		ELSE '4주차'
		END
		ORDER BY week_label
	</select>


</mapper>