<?xml version="1.0" encoding="UTF-8"?>
<beans xmlns="http://www.springframework.org/schema/beans"
	xmlns:xsi="http://www.w3.org/2001/XMLSchema-instance"
	xmlns:context="http://www.springframework.org/schema/context"
	xmlns:mybatis-spring="http://mybatis.org/schema/mybatis-spring"
	xsi:schemaLocation="http://www.springframework.org/schema/beans 
		https://www.springframework.org/schema/beans/spring-beans.xsd
		http://www.springframework.org/schema/context 
		https://www.springframework.org/schema/context/spring-context.xsd
		http://mybatis.org/schema/mybatis-spring 
		http://mybatis.org/schema/mybatis-spring-1.2.xsd">
	
	<!-- Root Context: defines shared resources visible to all other web components -->
	
	<!-- Component Scan -->
	<context:component-scan base-package="com.story.mosaic.config" />
	
	<!-- 데이터베이스 연동부분 다넣기	 -->


<!-- ##### oracle ##### -->
<bean id="dataSource" class="org.springframework.jdbc.datasource.DriverManagerDataSource">
	<property name="driverClassName" value="oracle.jdbc.driver.OracleDriver"></property>
	<property name="url" value="jdbc:oracle:thin:@localhost:1521:xe"></property>
	<property name="username" value="mosaic"></property>
	<property name="password" value="ict"></property>
</bean>	 

<!-- ##### mariadb ##### -->
<!-- <bean id="dataSource" class="org.springframework.jdbc.datasource.DriverManagerDataSource">
	<property name="driverClassName" value="org.mariadb.jdbc.Driver"></property>
	<property name="url" value="jdbc:mariadb://localhost:3306/test"></property>
	<property name="username" value="root"></property>
	<property name="password" value="admin1234"></property>
</bean> -->

	<!-- #####  MySql ##### -->
	<!-- <bean id="dataSource" class="org.springframework.jdbc.datasource.DriverManagerDataSource">
		<property name="driverClassName" 	value="com.mysql.cj.jdbc.Driver"></property>
		<property name="url" 				value="jdbc:mysql://localhost:3306/basic"></property>
		<property name="username" 			value="scott"></property>
		<property name="password" 			value="tiger"></property>
	</bean>	 -->	
	
    <!-- MyBatis SqlSessionFactoryBean -->
    <bean id="sqlSessionFactory" class="org.mybatis.spring.SqlSessionFactoryBean">
        <property name="dataSource" ref="dataSource" />
        <!-- <property name="configLocation" value="classpath:/mybatis-config.xml" /> -->
        <property name="mapperLocations" value="classpath:/com/story/mosaic/mapper/**/*Mapper.xml" />
        <property name="typeAliasesPackage" value="com.story.mosaic.model" />
    </bean>

    <!-- MyBatis SqlSessionTemplate -->
    <bean id="sqlSession" class="org.mybatis.spring.SqlSessionTemplate">
        <constructor-arg ref="sqlSessionFactory" />
    </bean>
    
    

    <!-- Mapper Scanner Configuration -->    
    <mybatis-spring:scan base-package="com.story.mosaic.repo"/>

	<!-- 이메일 인증 부분 -->
	<bean id="mailSender" class="org.springframework.mail.javamail.JavaMailSenderImpl">
	    <property name="host" value="smtp.gmail.com"/>
	    <property name="port" value="587"/>
	    <property name="username" value="playscript9@gmail.com"/>
	    <property name="password" value="zaas udsl ysqb sckt"/>
	    <property name="javaMailProperties">
	        <props>
	            <prop key="mail.smtp.auth">true</prop>
	            <prop key="mail.smtp.starttls.enable">true</prop>
	            <prop key="mail.smtp.ssl.trust">smtp.gmail.com</prop>
	            <prop key="mail.debug">true</prop>
	        </props>
	    </property>
	</bean>




</beans>



